[
  {
    "name": "Bolt",
    "address": "5648 Hollywood Blvd Los Angeles, CA 90028",
    "rating": "4.5",
    "website": "http://bolteaho.com/",
    "instagram": "https://www.instagram.com/p/BlrIRZ6AREs/?hl=en&taken-at=1050968278301130",
    "yelp": "https://www.yelp.com/biz/bolt-los-angeles-2"
  },
  {
    "name": "Cafe Gratitude",
    "address": "639 N Larchmont Blvd Larchmont Los Angeles, CA 90004",
    "rating": "4",
    "website": "https://cafegratitude.com/",
    "instagram": "https://www.instagram.com/p/BmWUBfpgr9z/?hl=en&taken-by=cafegratitude",
    "yelp": "https://www.yelp.com/biz/cafe-gratitude-los-angeles-11?osq=cafe+gratitude"
  },
  {
    "name": "Blu Jam Cafe",
    "address": "7371 Melrose Ave. Los Angeles, CA 90046",
    "rating": "4.6",
    "website": "https://www.blujamcafe.com/",
    "instagram": "https://www.instagram.com/p/55MQHbtOIq/?hl=en&taken-at=412508577",
    "yelp": "https://www.yelp.com/biz/blu-jam-caf%C3%A9-los-angeles-2"
  },
  {
    "name": "Republique",
    "address": "624 S La Brea Ave Los Angeles, CA 900036",
    "rating": "4.6",
    "website": "https://republiquela.com/",
    "instagram": "https://www.instagram.com/p/BmcyTKeBTUJ/?hl=en&taken-at=163981758",
    "yelp": "https://www.yelp.com/biz/r%C3%A9publique-los-angeles-2"
  },
  {
    "name": "Jon & Vinny's",
    "address": "412 N Fairfax Ave, Los Angeles, CA 90036",
    "rating": "4.5",
    "website": "http://www.jonandvinnys.com/",
    "instagram": "https://www.instagram.com/p/BfjuXL6nXhG/?hl=en&taken-by=jonandvinnydelivery",
    "yelp": "https://www.yelp.com/biz/jon-and-vinnys-los-angeles"
  }







  {
    "name": "Eggslut",
    "address": "317 S Broadway, Los Angeles, CA 90013",
    "rating": "4.3",
    "website": "http://www.eggslut.com/",
    "instagram": "https://www.instagram.com/p/BmD6x3fgbZK/?hl=en&taken-by=eggslut",
    "yelp": "https://www.yelp.com/biz/eggslut-los-angeles-7"
  },
  {
    "name": "Bardonna",
    "address": "139 N Larchmont Blvd, Los Angeles, CA 90004",
    "rating": "4.3",
    "website": "https://www.bardonna.com/",
    "instagram": "https://www.instagram.com/p/BUNENrhhFON/?hl=en&taken-by=bardonnala",
    "yelp": "https://www.yelp.com/biz/bardonna-los-angeles-3"
  },
  {
    "name": "Urth Caffé",
    "address": "451 S Hewitt St, Los Angeles, CA 90013",
    "rating": "4.5",
    "website": "https://www.urthcaffe.com/",
    "instagram": "https://www.instagram.com/p/BmGvVASBgot/?taken-at=217337366",
    "yelp": "https://www.yelp.com/biz/urth-caff%C3%A9-downtown-los-angeles-2"
  },
  {
    "name": "Great White",
    "address": "1604 Pacific Ave Los Angeles, CA 90291",
    "rating": "4",
    "website": "https://greatwhitevenice.com/",
    "instagram": "https://www.instagram.com/p/Bg62HzdFl9l/?hl=en&taken-by=greatwhitevenice",
    "yelp": "https://www.yelp.com/biz/great-white-los-angeles"
  },
  {
    "name": "  Paramount Coffee Project",
    "address":"456 N Fairfax Ave, Los Angeles, CA 90036",
    "rating": "4.6",
    "website": "http://www.pcpfx.com/",
    "instagram": "https://www.instagram.com/p/BiC3wG0D7HE/?hl=en&taken-by=pcpfairfax",
    "yelp": "https://www.yelp.com/biz/paramount-coffee-project-los-angeles-5"
  }











  {
    "name": "Malibu Farm",
    "address": "23000 Pacific Coast Hwy , Malibu, CA 90265",
    "rating": "4",
    "website": "https://www.malibu-farm.com/pier-cafe/",
    "instagram": "https://www.instagram.com/p/Biwugpnj7ue/?hl=en&taken-by=malibufarm",
    "yelp": "https://www.yelp.com/biz/malibu-farm-pier-cafe-malibu"
  },
  {
    "name": "Joan's on Third",
    "address": "8350 W 3rd St Los Angeles, CA 90048",
    "rating": "4",
    "website": "https://joansonthird.com/",
    "instagram": "https://www.instagram.com/p/BmYwldkHZoH/?hl=en&taken-at=82996",
    "yelp": "https://www.yelp.com/biz/joans-on-third-los-angeles?osq=joan"
  },
  {
    "name": "The Butcher’s Daughter",
    "address": "1205 Abbot Kinney Blvd Venice, CA 90291",
    "rating": "4",
    "website": "https://www.thebutchersdaughter.com/",
    "instagram": "https://www.instagram.com/p/BilMDcLBPUm/?hl=en&taken-by=thebutchersdaughter_official",
    "yelp": "https://www.yelp.com/biz/the-butchers-daughter-venice-2"
  },
  {
    "name": "Pink’s Hot Dogs",
    "address": "709 N La Brea Ave, Los Angeles, CA 90038",
    "rating": "4.4",
    "website": "http://www.pinkshollywood.com/",
    "instagram": "https://www.instagram.com/p/Bks6ToZguCf/?hl=en&taken-by=pinkshotdogs",
    "yelp": "https://www.yelp.com/biz/pinks-hot-dogs-los-angeles-4"
  },
  {
    "name": "Loqui",
    "address": "8830 Washington Blvd Ste 104 Culver City, CA 90232",
    "rating": "4.6",
    "website": "https://www.eatloqui.com/",
    "instagram": "https://www.instagram.com/p/Bh48NRZBLkz/?hl=en&taken-by=eatloqui",
    "yelp": "https://www.yelp.com/biz/loqui-culver-city"
  }





  {
    "name": "Makani",
    "address": "512 Rose Ave F Venice, CA 90291",
    "rating": "4.5",
    "website": "https://www.makanivenice.com/",
    "instagram": "https://www.instagram.com/p/BjyCkaGBWEh/?taken-by=makanivenice",
    "yelp": "https://www.yelp.com/biz/makani-venice"
  },
  {
    "name": "Tesse Restaurant",
    "address": "8500 Sunset Blvd ste b, West Hollywood, CA 90069",
    "rating": "4.4",
    "website": "https://tesserestaurant.com/",
    "instagram": "https://www.instagram.com/p/Bkk33lqBTRK/?hl=en&taken-by=tesserestaurant",
    "yelp": "https://www.yelp.com/biz/tesse-west-hollywood-3"
  },
  {
    "name": "APL Restaurant",
    "address": "1680 Vine St, Los Angeles, CA 90028",
    "rating": "4",
    "website": "https://aplrestaurant.com/",
    "instagram": "https://www.instagram.com/p/BjoENrPBF79/?hl=en&taken-by=aplrestaurant",
    "yelp": "https://www.yelp.com/biz/apl-restaurant-los-angeles"
  },
  {
    "name": "Dama",
    "address": "612 E 11th St, Los Angeles, CA 90015",
    "rating": "5",
    "website": "http://damafashiondistrict.com/",
    "instagram": "https://www.instagram.com/p/Bl_3LknBbmP/?hl=en&taken-by=damafashiondistrict",
    "yelp": "https://www.yelp.com/biz/dama-los-angeles-6"
  },
  {
    "name": "Joy",
    "address": "100 York Blvd, Los Angeles, CA 90042",
    "rating": "4.6",
    "website": "https://www.joyonyork.com/",
    "instagram": "https://www.instagram.com/p/Bifl9WOhS_B/?hl=en&taken-by=joyonyork",
    "yelp": "https://www.yelp.com/biz/joy-los-angeles-11"
  }





  {
    "name": "Afters Ice Cream",
    "address": "1425 Ocean front walk Venice, CA 90291",
    "rating": "4",
    "website": "https://www.aftersicecream.com/",
    "instagram": "https://www.instagram.com/p/BmFPaq8HZOe/?taken-by=aftersicecream",
    "yelp": "https://www.yelp.com/biz/afters-ice-cream-los-angeles-4?osq=Afters+Ice+Cream"
  }
  {
    "name": "B Sweet Dessert Bar",
    "address": "2005 Sawtelle Blvd. Los Angeles, CA 90025",
    "rating": "4",
    "website": "https://www.mybsweet.com/",
    "instagram": "https://www.instagram.com/p/BkHFFMalirj/?taken-by=mybsweet",
    "yelp": "https://www.yelp.com/biz/b-sweet-dessert-bar-los-angeles-5"
  }
  {
    "name": "Cookie Good",
    "address": "2448 Wilshire Boulevard Santa Monica, CA 90403",
    "rating": "4.5",
    "website": "https://cookiegood.com/",
    "instagram": "https://www.instagram.com/p/BmJSgQtBdeK/?taken-by=cookiegoodla",
    "yelp": "https://www.yelp.com/biz/cookie-good-santa-monica"
  }
  {
    "name": "FrankieLucy Bakeshop",
    "address": "3116 1/2 W. Sunset Blvd Los Angeles, CA 90026",
    "rating": "4.5",
    "website": "http://www.frankielucybakeshop.com/home-1",
    "instagram": "https://www.instagram.com/p/BmRVs6Ch7lb/?taken-by=frankielucybakeshop",
    "yelp": "https://www.yelp.com/biz/frankielucy-bakeshop-los-angeles"
  }
  {
    "name": "The Pie Hole",
    "address": "6314 Hollywood Blvd Los Angeles, CA 90028",
    "rating": "4",
    "website": "https://www.thepieholela.com/",
    "instagram": "https://www.instagram.com/p/BmUa0unAaGX/?taken-by=thepieholela",
    "yelp": "https://www.yelp.com/biz/the-pie-hole-los-angeles-3"
  }

]
